ID;MARCA AC
14273;HISPACOLD
15278;HISPACOLD
15440;HISPACOLD
13712;HISPACOLD
11144;HISPACOLD
13487;HISPACOLD
10991;HISPACOLD
9880;CAMIONETA
13051;HISPACOLD
10512;EBERSPACHER
13180;
14329;HISPACOLD
11136;HISPACOLD
15236;HISPACOLD
15229;HISPACOLD
14288;HISPACOLD
14482;HISPACOLD
5018;EBERSPACHER
9882;MERCEDES
14477;
7767;HISPACOLD
15381;HISPACOLD
13164;HISPACOLD
7882;EBERSPACHER
13713;HISPACOLD
5200;EBERSPACHER
16150;HISPACOLD
15062;HISPACOLD
16158;HISPACOLD
12929;PCM
12933;PCM
10336;HISPACOLD
11139;HISPACOLD
11137;HISPACOLD
15406;HISPACOLD
15383;HISPACOLD
11143;HISPACOLD
12936;PCM
14223;CONERCION
14286;HISPACOLD
10331;HISPACOLD
13176;HISPACOLD
5019;EBERSPACHER
13483;HISPACOLD
11142;HISPACOLD
11140;HISPACOLD
15363;HISPACOLD
15380;HISPACOLD
7881;EBERSPACHER
14481;HISPACOLD
10330;HISPACOLD
15441;EBERSPACHER
6296;HISPACOLD
11141;HISPACOLD
10469;EBERSPACHER
9706;EBERSPACHER
13465;EBERSPACHER
14328;
10988;HISPACOLD
6301;HISPACOLD
13181;HISPACOLD
13123;HISPACOLD
10511;EBERSPACHER
10470;EBERSPACHER
10332;HISPACOLD
9684;EBERSPACHER
9707;EBERSPACHER
9717;EBERSPACHER
10987;HISPACOLD
12938;HISPACOLD
15410;
5058;EBERSPACHER
5048;EBERSPACHER
15235;HISPACOLD
13715;HISPACOLD
13167;HISPACOLD
5202;EBERSPACHER
7031;OTRO
11135;HISPACOLD
13718;HISPACOLD
6302;HISPACOLD
15590;HISPACOLD
7030;OTRO
12774;HISPACOLD
15465;HISPACOLD
7291;EBERSPACHER
12773;HISPACOLD
7602;EBERSPACHER
